{"org_tweet":[{"handle":"What_The_Phuoc","tweet": "i don't care no more", "twitter_engagement":0.4904052918,"personality_scores":[0.5539572888000001, 0.4657904316, 0.5355677082, 0.48345106530000004],"political_scores":[0.33981052040000004, 0.0963851511, 0.21861340110000002, 0.3451909125],"keywords":["care"],"aggregate_political_scores":[0.32312525660999997, 0.18033362532000002, 0.20511692799000003, 0.29142415077000006],"aggregate_personality_scores":[0.57132166314, 0.47611640078000006, 0.54414409686, 0.46963566469],"aggregate_emotion_scores":[0.1625404004, 0.13738490342, 0.29680581838, 0.29714996218, 0.10611893646]}]}