{"org_tweet":[{"handle":"thelionsden","tweet": "Day 4 of #XXXMAS - Get a FREE #LionsDen Brand Toy Power with any purchase of a @Fleshlight Toy #HappyHolidays!!", "twitter_engagement":0.548926733,"personality_scores":[0.5189520353, 0.4601187801, 0.4789414186, 0.5350413939],"political_scores":[0.2007824481, 0.45357352500000003, 0.1850738525, 0.1605701596],"keywords":["purchase","Toy","LionsDen","Brand","FREE","XXXMAS","Fleshlight","HappyHolidays"],"aggregate_political_scores":[0.30723661789999995, 0.25329050734745756, 0.20409676419661013, 0.23537612769830507],"aggregate_personality_scores":[0.5464056935355931, 0.4639504660050848, 0.5594328504881356, 0.48994813887627114],"aggregate_emotion_scores":[0.01865325944, 0.65782251358, 0.059354770200000004, 0.05942840034000001, 0.20474104282]}]}